Model,MAE,RMSE,Features Used
XGBoost,205869.75515100113,294526.6257238829,3
Random Forest,203867.26843163744,292549.19149906666,3
Gradient Boosting,204131.02788177354,293032.85802341625,3
